family,depth,parity,n,constructed,baseline,previous_envelope,retained_envelope,release_gain,polynomial_benchmark,construction_polynomial_gap
eleven,0,odd,11,32,31,32,32,0,33,1
eleven,0,even,12,37,37,38,38,0,38,1
eleven,1,odd,21,132,128,133,133,0,133,1
eleven,1,even,22,142,140,143,143,0,143,1
eleven,2,odd,41,532,521,533,533,0,533,1
eleven,2,even,42,552,547,553,553,0,553,1
eleven,3,odd,81,2132,2108,2132,2132,0,2133,1
eleven,3,even,82,2172,2160,2172,2172,0,2173,1
eleven,4,odd,161,8532,8481,8532,8532,0,8533,1
eleven,4,even,162,8612,8587,8612,8612,0,8613,1
eleven,5,odd,321,34132,34028,34028,34132,104,34133,1
eleven,5,even,322,34292,34240,34240,34292,52,34293,1
eleven,6,odd,641,136532,136321,136321,136532,211,136533,1
eleven,6,even,642,136852,136747,136747,136852,105,136853,1
eleven,7,odd,1281,546132,545708,545708,546132,424,546133,1
eleven,7,even,1282,546772,546560,546560,546772,212,546773,1
eleven,8,odd,2561,2184532,2183681,2183681,2184532,851,2184533,1
eleven,8,even,2562,2185812,2185387,2185387,2185812,425,2185813,1
eleven,9,odd,5121,8738132,8736428,8736428,8738132,1704,8738133,1
eleven,9,even,5122,8740692,8739840,8739840,8740692,852,8740693,1
